,0,1
0,48.497395,-25.491402
1,-90.32073,-28.831348
2,-88.126335,-29.771727
3,-87.00292,-22.992159
4,33.564373,-30.754433
5,76.39774,34.130733
6,79.248055,60.801517
7,-11.3335,6.0577736
8,65.08764,25.43762
9,70.07627,24.191904
10,22.542032,-66.5312
11,71.85106,79.72466
12,83.98044,29.011295
13,74.59159,26.691078
14,73.827,41.35557
15,84.9285,38.134666
16,65.99084,58.75161
17,84.00512,34.998314
18,74.41421,45.205223
19,84.00512,34.998314
20,74.41421,45.205223
21,80.079666,41.791134
22,80.079666,41.791134
23,56.05564,61.94688
24,56.05564,61.94688
25,70.95693,60.93766
26,74.41421,45.205223
27,54.553642,98.05131
28,20.291513,-67.67333
29,54.553642,98.05131
30,51.72585,91.24411
31,51.48082,97.33433
32,51.48082,97.33433
33,78.44234,55.27242
34,74.41421,45.205223
35,54.340393,52.429157
36,74.41421,45.205223
37,56.05564,61.94688
38,74.41421,45.205223
39,74.41421,45.205223
40,70.51204,31.258795
41,-4.5203123,-26.540905
42,-28.6861,70.74417
43,5.3101916,102.05221
44,-28.6861,70.74417
45,-25.723965,92.76671
46,-28.518719,105.63738
47,-25.723965,92.76671
48,-23.268097,63.22596
49,-23.268097,63.22596
50,-11.782515,82.621544
51,-25.723965,92.76671
52,-17.26548,72.23167
53,-20.233395,67.970764
54,-22.51055,93.889984
55,-13.154653,69.909615
56,-11.782515,82.621544
57,-25.723965,92.76671
58,-25.723965,92.76671
59,0.41882712,89.61531
60,-22.51055,93.889984
61,5.3101916,102.05221
62,17.700264,77.645226
63,-17.524822,93.033676
64,-21.576302,91.14864
65,-22.51055,93.889984
66,-9.839235,84.10115
67,5.051965,107.43455
68,-3.8196435,98.89661
69,-5.209359,101.64749
70,-36.45196,91.44413
71,-3.8196435,98.89661
72,-21.576302,91.14864
73,-27.95971,62.456738
74,1.0525957,93.38284
75,-24.949991,55.233162
76,23.478737,82.38413
77,-3.8196435,98.89661
78,-3.8196435,98.89661
79,1.6693313,86.079254
80,-22.603642,79.50486
81,-28.518719,105.63738
82,10.764487,73.636055
83,-15.875424,64.28011
84,-6.64965,-23.035486
85,18.259321,-27.036415
86,-21.851694,15.583709
87,-12.264277,1.4160647
88,43.02478,-59.529755
89,16.098503,56.123974
90,32.700146,71.184166
91,46.797886,63.366352
92,-12.29239,21.682768
93,-12.29239,21.682768
94,-11.401304,23.77209
95,15.585015,59.130833
96,-21.077627,-21.496088
97,-18.362114,-43.997112
98,-11.794616,-53.165188
99,-21.077627,-21.496088
100,-18.362114,-43.997112
101,-21.077627,-21.496088
102,-18.789806,-40.930332
103,11.51771,-61.69395
104,-21.903267,39.615604
105,-83.113014,-31.282656
106,-19.778688,26.498363
107,-21.83871,27.375896
108,-22.382769,-32.56474
109,12.0869465,-26.73178
110,-12.151827,-42.76469
111,29.588785,-21.025537
112,20.271078,-29.053787
113,-6.805883,-25.072193
114,-1.8365101,-29.528578
115,44.006874,-63.033245
116,37.091145,-15.993957
117,27.504349,-28.759714
118,-37.64147,-77.19142
119,-45.797684,-54.988163
120,-68.460266,-53.536655
121,-66.2534,-56.86826
122,-71.97785,-49.018482
123,-63.848526,-56.07161
124,-71.6277,-53.132942
125,-58.427784,-74.96525
126,-54.083134,-78.0246
127,30.755432,-94.813576
128,22.25789,-97.75138
129,-51.196,-77.35866
130,32.237732,-98.612686
131,-4.475062,-107.8804
132,-58.427784,-74.96525
133,-42.685345,-54.856316
134,-42.685345,-54.856316
135,-33.466007,-85.21704
136,3.9206443,-77.28513
137,3.9206443,-77.28513
138,-7.815519,-105.75747
139,8.165408,-76.302574
140,-54.083134,-78.0246
141,-38.259354,-68.84568
142,-58.233685,-20.36549
143,-40.530476,-79.05741
144,-59.508083,-79.04022
145,-62.279102,-61.618576
146,4.8724213,-73.53166
147,4.8724213,-73.53166
148,23.235546,-90.52325
149,28.640808,-96.350426
150,0.14883696,-24.330393
151,-42.65704,-30.100033
152,-59.675243,13.506671
153,-65.36837,29.858292
154,-62.306988,12.059643
155,-45.139904,-16.872862
156,-55.434082,60.900036
157,-75.080956,36.99837
158,-75.080956,36.99837
159,-83.701744,25.671347
160,-51.01567,15.22286
161,-75.080956,36.99837
162,-72.11598,35.11093
163,-58.20403,61.940174
164,-71.86319,38.490818
165,-72.11598,35.11093
166,-43.353218,-21.115564
167,-47.269325,11.70509
168,-46.44293,15.485986
169,-47.006428,-0.6706093
170,-32.74161,-28.426338
171,-39.902393,51.209858
172,-30.715752,46.01471
173,-39.230755,45.792946
174,-40.390007,-20.481033
175,-43.370033,21.56332
176,-79.20665,33.501045
177,-99.42684,28.355082
178,-52.59559,23.187302
179,-90.37816,36.37077
180,-99.42684,28.355082
181,-89.84555,22.03209
182,-99.42684,28.355082
183,-90.37816,36.37077
184,-90.37816,36.37077
185,-47.269325,11.70509
186,98.93783,-8.275013
187,106.99475,-24.947609
188,66.7691,-67.03553
189,65.84477,-47.042152
190,67.48586,-44.798088
191,100.32233,-28.085423
192,58.68788,-74.38848
193,71.136284,-21.190245
194,58.68788,-74.38848
195,60.38086,-72.28484
196,68.78301,-48.605255
197,73.22643,-17.086245
198,109.48276,18.95254
199,49.861404,-7.619616
200,49.861404,-7.619616
201,82.26432,2.800782
202,-114.57595,11.695389
203,-119.37028,4.2258
204,82.26432,2.800782
205,65.69128,-8.209173
206,65.02066,-10.964016
207,47.242958,-2.484912
208,100.637764,-20.332897
209,51.3798,15.229152
210,-110.87315,-9.178638
211,44.006874,-63.033245
212,21.041174,-31.290949
213,30.042866,-28.726326
214,20.736217,-50.425747
215,-4.320566,-60.995636
216,-5.580434,-54.510517
217,17.61781,-2.929016
218,4.2922816,-59.199905
219,25.063135,8.833934
220,-4.3907204,-40.141674
221,-10.654508,-11.954001
222,36.660805,-75.538635
223,34.840107,-75.20543
224,-0.11740824,-54.77162
225,-8.266277,-12.14081
226,-8.266277,-12.14081
227,-2.8011308,32.14675
228,-16.51586,-6.696743
229,13.302307,14.138604
230,12.826631,18.18767
231,15.996186,16.42441
232,-60.53724,-16.168236
233,15.34593,10.796654
234,22.001522,16.780914
235,9.977223,13.399066
236,29.33367,-36.56862
237,16.764246,12.173976
238,7.460795,-52.477814
239,2.9948053,-59.92487
240,7.460795,-52.477814
241,-5.580434,-54.510517
242,19.677074,-23.81546
243,47.68509,65.869736
244,11.93724,13.031675
245,-60.53724,-16.168236
246,-60.53724,-16.168236
247,-8.619712,80.28287
248,29.281197,80.98126
249,37.313114,-28.622606
250,-101.80291,15.355791
251,-87.723465,-17.598497
252,-88.12346,-1.9850037
253,-84.15329,-24.929474
254,-88.83441,-12.1968
255,16.098503,56.123974
256,16.098503,56.123974
257,-4.5203123,-26.540905
258,-4.5203123,-26.540905
259,-4.1797895,-23.56693
260,13.079085,58.099567
261,9.126776,-3.7103145
262,13.029402,-42.553596
263,16.098503,56.123974
264,16.098503,56.123974
265,-9.320825,53.292507
266,-9.320825,53.292507
267,-9.320825,53.292507
268,-68.077866,-26.272305
269,40.413837,-29.213638
270,-76.691605,-11.401565
271,32.47427,74.60671
272,-69.49563,-24.329266
273,-67.76391,-4.098493
274,-15.426076,56.667637
275,-74.32276,-15.969148
276,-75.38326,3.1410851
277,-73.00139,-0.20289938
278,-73.00139,-0.20289938
279,38.615692,75.64525
280,10.195647,19.928118
281,7.8406506,24.161337
282,-7.765656,45.71077
283,-4.7365427,45.907127
284,-4.7365427,45.907127
285,-7.765656,45.71077
286,7.8406506,24.161337
287,-4.7365427,45.907127
288,-4.7365427,45.907127
289,-63.04121,-16.851202
290,-4.7365427,45.907127
291,-7.765656,45.71077
292,-7.765656,45.71077
293,-18.3569,45.455776
294,-77.84883,-3.5974643
295,-77.84883,-3.5974643
296,32.14081,81.49074
297,22.561674,22.99341
298,30.899511,-26.353855
299,5.6849146,12.051956
300,4.7514343,17.404016
301,-5.751442,41.65203
302,-103.40411,23.250586
303,29.281197,80.98126
304,32.700146,71.184166
305,27.692963,-32.7113
306,11.475707,14.907628
307,13.597856,12.174359
308,12.776589,16.036583
309,22.692839,6.106285
310,26.432184,5.883078
311,-14.6708145,20.486061
312,-75.052086,-21.537867
313,-99.06219,8.478848
314,-103.40411,23.250586
315,-67.290924,-7.6939096
316,24.010628,55.56357
317,-94.03897,-30.394426
318,-67.290924,-7.6939096
319,-67.290924,-7.6939096
320,13.196139,56.166557
321,17.054255,18.204313
322,-65.87226,-3.9444962
323,-95.613525,-30.385412
324,3.4565601,83.82753
325,-27.396212,14.782953
326,36.73233,-23.240309
327,-89.63114,-15.530837
328,-83.880585,-13.466906
329,-101.80291,15.355791
330,25.200914,-24.114405
331,-10.452007,41.097767
332,48.497395,-25.491402
333,9.43991,-11.43219
334,-4.3275914,-52.170227
335,-105.595276,21.896187
336,-99.06219,8.478848
337,-93.8224,16.765404
338,22.001522,16.780914
339,-93.8224,16.765404
340,-88.634514,11.244777
341,-74.62837,-18.748465
342,46.797886,63.366352
343,7.2709365,-4.777905
344,-82.55742,4.157518
345,20.394732,-5.467684
346,17.61781,-2.929016
347,23.149847,-21.37737
348,21.245886,-26.627058
349,83.98044,29.011295
350,55.38564,47.56843
351,20.291513,-67.67333
352,47.481045,93.45994
353,57.761543,98.99938
354,-1.1950878,78.83001
355,-22.382433,96.92172
356,47.675076,-62.91605
357,34.049557,68.00645
358,4.8724213,-73.53166
359,8.715092,-72.47417
360,19.96912,-96.1312
361,-35.825287,-46.750454
362,1.9540293,-71.52838
363,6.6538997,-85.312004
364,-42.353992,-97.5991
365,-40.530476,-79.05741
366,-37.814503,-28.642633
367,-34.047146,40.205902
368,-58.20403,61.940174
369,-89.47522,28.851833
370,-43.7503,0.7507091
371,-46.280735,39.42922
372,-45.139904,-16.872862
373,-40.390007,-20.481033
374,-52.59559,23.187302
375,76.43382,-29.784237
376,68.84249,-24.199068
377,88.91279,-15.873038
378,98.93783,-8.275013
379,93.61593,-21.328747
380,67.48586,-44.798088
381,76.992615,-39.826614
382,80.17855,-23.30556
383,63.731857,-20.299389
384,105.87426,14.022817
385,69.571075,-67.34272
386,-114.23627,-3.5803676
387,-114.23627,-3.5803676
388,63.7988,-28.630428
389,63.7988,-28.630428
390,82.26432,2.800782
391,54.476063,15.327281
392,20.736217,-50.425747
393,20.736217,-50.425747
394,17.61781,-2.929016
395,6.8705435,0.10486564
396,-10.893751,17.82945
397,-74.32276,-15.969148
398,-79.1732,-11.003716
399,23.34383,-51.75866
400,-75.38326,3.1410851
401,-12.29239,21.682768
402,-85.133255,-16.0565
403,-83.09561,-20.10705
404,-85.133255,-16.0565
405,35.914417,-26.202492
406,32.31531,-28.590187
407,74.41421,45.205223
408,79.66043,26.903866
409,70.07627,24.191904
410,79.66043,26.903866
411,67.58028,83.08275
412,65.08764,25.43762
413,53.15772,100.50179
414,70.70903,43.842003
415,54.243397,102.979065
416,54.322906,90.61507
417,20.291513,-67.67333
418,74.41421,45.205223
419,74.59159,26.691078
420,51.22028,102.360115
421,78.305534,50.238594
422,56.149445,92.516716
423,-14.815849,84.40503
424,-21.149614,59.699684
425,-29.690691,98.000824
426,-22.31699,99.329155
427,-19.960728,98.15492
428,-19.063936,103.53307
429,-20.233395,67.970764
430,-4.2080317,88.45335
431,-20.233395,67.970764
432,5.3101916,102.05221
433,-18.823792,90.68037
434,17.834915,-38.702404
435,-84.96257,-21.671337
436,-84.96257,-21.671337
437,26.232431,-26.557245
438,25.029749,-41.914288
439,44.006874,-63.033245
440,34.049557,68.00645
441,-21.077627,-21.496088
442,-17.00119,34.944386
443,-73.73742,-31.719652
444,-79.39469,-30.757193
445,-79.78024,-29.231833
446,-17.00119,34.944386
447,44.006874,-63.033245
448,42.927555,-49.599854
449,37.091145,-15.993957
450,28.835403,-45.79969
451,17.852293,-30.269829
452,32.399242,-40.538643
453,-18.239922,-84.002106
454,-28.682005,-90.66462
455,-20.099985,-83.83579
456,-28.682005,-90.66462
457,-40.530476,-79.05741
458,-73.05057,-55.383553
459,-68.68639,-57.8045
460,-45.797684,-54.988163
461,-42.353992,-97.5991
462,-38.533535,-44.74821
463,-35.825287,-46.750454
464,-35.825287,-46.750454
465,-33.868305,-68.30751
466,25.955564,-91.469505
467,-56.531338,-73.244
468,-45.797684,-54.988163
469,-47.56461,-51.49284
470,29.016985,-91.13583
471,-7.995205,-110.00235
472,-38.533535,-44.74821
473,-7.914597,-116.38216
474,29.016985,-91.13583
475,-4.475062,-107.8804
476,-4.475062,-107.8804
477,4.7298417,-90.34224
478,5.112059,-70.00295
479,-11.729248,-110.23294
480,6.6538997,-85.312004
481,8.165408,-76.302574
482,-38.259354,-68.84568
483,-17.603327,-77.3179
484,-6.082409,-79.84069
485,-18.239922,-84.002106
486,-28.682005,-90.66462
487,4.8724213,-73.53166
488,-54.083134,-78.0246
489,20.673527,-89.87621
490,-62.279102,-61.618576
491,-5.9827757,-28.898556
492,-37.814503,-28.642633
493,-40.390007,-20.481033
494,-44.75303,-26.14036
495,-48.636116,37.992092
496,-50.71109,11.873164
497,-58.20403,61.940174
498,-51.01567,15.22286
499,-52.59559,23.187302
500,-86.5262,30.226294
501,-43.617043,12.938552
502,-89.47522,28.851833
503,-40.390007,-20.481033
504,-35.28457,-14.610922
505,-39.71658,48.14254
506,-39.71658,48.14254
507,-75.080956,36.99837
508,-75.080956,36.99837
509,-41.93383,-4.0759473
510,-37.356705,11.298206
511,-39.71658,48.14254
512,-42.856068,32.68023
513,-58.20403,61.940174
514,-55.96228,63.818527
515,-40.390007,-20.481033
516,-62.306988,12.059643
517,-43.370033,21.56332
518,-90.37816,36.37077
519,-84.669846,39.578438
520,-84.669846,39.578438
521,-48.648895,24.96423
522,-90.37816,36.37077
523,-84.669846,39.578438
524,-89.84555,22.03209
525,-99.42684,28.355082
526,-76.35628,27.391338
527,-76.35628,27.391338
528,-93.22678,27.535809
529,-46.280735,39.42922
530,-58.77018,-12.82286
531,-59.61376,38.50402
532,-62.306988,12.059643
533,93.61593,-21.328747
534,95.36993,-38.476807
535,92.529785,-45.876568
536,104.369385,1.8416328
537,104.369385,1.8416328
538,110.70855,11.52226
539,52.78378,17.390099
540,101.36071,20.354046
541,98.93783,-8.275013
542,69.571075,-67.34272
543,95.36993,-38.476807
544,65.01321,-43.54537
545,65.01321,-43.54537
546,62.653606,-75.18485
547,64.35148,-45.872906
548,60.463924,3.1365871
549,-109.29597,5.4041266
550,41.013573,3.5160878
551,94.95217,-27.881609
552,41.013573,3.5160878
553,49.371788,9.986361
554,41.013573,3.5160878
555,41.013573,3.5160878
556,105.87426,14.022817
557,73.22643,-17.086245
558,68.53392,-20.131933
559,95.36993,-38.476807
560,105.87426,14.022817
561,80.62385,-33.973595
562,76.10815,-62.710262
563,60.463924,3.1365871
564,92.529785,-45.876568
565,49.861404,-7.619616
566,78.51532,-63.4653
567,82.64143,-17.171478
568,95.36993,-38.476807
569,95.36993,-38.476807
570,106.92251,-17.147522
571,-115.56666,-5.298063
572,82.26432,2.800782
573,-114.23627,-3.5803676
574,90.67486,-9.324671
575,-119.37028,4.2258
576,98.93783,-8.275013
577,100.637764,-20.332897
578,98.93783,-8.275013
579,83.923004,-41.194183
580,-115.29886,7.879145
581,-109.29597,5.4041266
582,63.711903,-8.371219
583,67.40252,-11.826439
584,47.242958,-2.484912
585,47.435936,3.0420427
586,98.93783,-8.275013
587,52.78378,17.390099
588,99.06823,7.9916577
589,100.55887,3.9572732
590,54.476063,15.327281
591,22.468458,-43.407063
592,30.006079,73.27454
593,20.394732,-5.467684
594,21.609943,-36.04692
595,-15.968774,1.244823
596,-7.7802777,-33.72005
597,14.066467,21.443071
598,14.034762,-45.413815
599,6.8705435,0.10486564
600,-100.10188,-20.836792
601,-8.266277,-12.14081
602,-8.266277,-12.14081
603,-7.700695,-43.790085
604,-4.9942565,31.452965
605,44.9512,65.30737
606,-87.38218,-20.384054
607,26.39649,-21.282764
608,70.51204,31.258795
609,79.66043,26.903866
610,74.59159,26.691078
611,84.9285,38.134666
612,70.36665,82.117386
613,-22.12127,74.46788
614,-17.26548,72.23167
615,-24.572609,88.47041
616,-28.688944,94.75758
617,-3.44436,78.60969
618,-21.149614,59.699684
619,-4.2080317,88.45335
620,-5.8133354,70.45466
621,5.3101916,102.05221
622,-92.59248,-4.2805758
623,-19.870792,-5.0673656
624,13.029402,-42.553596
625,-87.7208,0.45859656
626,33.44455,-42.81333
627,11.211404,11.2124195
628,-11.794616,-53.165188
629,-14.413911,-36.73541
630,-21.077627,-21.496088
631,-21.94792,-13.150262
632,-21.903267,39.615604
633,-17.00119,34.944386
634,-73.82221,-36.862278
635,12.0869465,-26.73178
636,10.510413,-28.13055
637,-12.151827,-42.76469
638,19.028746,-33.05753
639,28.76318,-38.69776
640,31.024784,-38.64378
641,-66.2534,-56.86826
642,-40.530476,-79.05741
643,-11.729248,-110.23294
644,-40.530476,-79.05741
645,-38.259354,-68.84568
646,-20.449612,-76.56718
647,28.46749,-88.534775
648,-42.353992,-97.5991
649,-35.825287,-46.750454
650,-7.995205,-110.00235
651,-52.76774,-75.46662
652,31.257027,-92.40712
653,6.856139,-79.53735
654,-7.995205,-110.00235
655,-7.995205,-110.00235
656,-11.729248,-110.23294
657,3.9206443,-77.28513
658,-56.531338,-73.244
659,-37.64147,-77.19142
660,-58.062603,-80.4956
661,-0.42464012,-87.57174
662,28.640808,-96.350426
663,23.373934,-93.105774
664,3.9206443,-77.28513
665,48.497395,-25.491402
666,-62.306988,12.059643
667,-2.2903833,16.79672
668,-2.2903833,16.79672
669,-36.707054,42.16653
670,-42.65704,-30.100033
671,-40.390007,-20.481033
672,-40.390007,-20.481033
673,-40.390007,-20.481033
674,-72.11598,35.11093
675,-75.080956,36.99837
676,-75.080956,36.99837
677,-48.636116,37.992092
678,-37.431267,49.48184
679,-46.44293,15.485986
680,-64.36691,16.872034
681,-62.306988,12.059643
682,-73.10107,42.531746
683,-93.39225,29.252817
684,-73.10107,42.531746
685,-73.10107,42.531746
686,-58.08796,57.11327
687,-62.306988,12.059643
688,-49.521706,63.83555
689,-46.280735,39.42922
690,97.893265,9.438677
691,105.87426,14.022817
692,110.70855,11.52226
693,82.26432,2.800782
694,105.87426,14.022817
695,82.26432,2.800782
696,58.68788,-74.38848
697,58.68788,-74.38848
698,63.7988,-28.630428
699,-109.29597,5.4041266
700,-107.74698,-7.5546556
701,105.87426,14.022817
702,105.87426,14.022817
703,105.87426,14.022817
704,105.87426,14.022817
705,49.861404,-7.619616
706,49.861404,-7.619616
707,49.861404,-7.619616
708,76.10815,-62.710262
709,86.61698,-30.903437
710,60.463924,3.1365871
711,80.62385,-33.973595
712,-119.37028,4.2258
713,-115.25058,5.426764
714,78.130936,-47.286823
715,74.49696,6.954617
716,-118.378334,-0.14172336
717,74.49696,6.954617
718,104.369385,1.8416328
719,79.20438,-9.629252
720,52.78378,17.390099
721,20.394732,-5.467684
722,12.365528,-12.251777
723,-7.037769,-55.905636
724,-6.8186493,-52.62942
725,17.61781,-2.929016
726,20.908926,59.55609
727,-4.3907204,-40.141674
728,-18.257057,13.789169
729,-2.8011308,32.14675
730,45.45529,-23.646164
731,20.908926,59.55609
732,-98.08674,-20.422098
733,32.19908,62.365192
734,-18.257057,13.789169
735,-101.80291,15.355791
736,-21.851694,15.583709
737,-8.231179,41.54277
738,-15.8140135,21.957874
739,-2.0920298,-25.166624
740,-21.851694,15.583709
741,-5.751442,41.65203
742,-14.973081,23.980452
743,37.091145,-15.993957
744,37.091145,-15.993957
745,-21.851694,15.583709
746,5.6849146,12.051956
747,17.937634,16.06655
748,30.624233,-43.227894
749,40.62981,53.48397
750,-90.32073,-28.831348
751,-90.32073,-28.831348
752,-106.61904,15.17833
753,-106.61904,15.17833
754,-90.32073,-28.831348
755,-13.139909,24.234873
756,19.14429,-35.774822
757,20.647255,-38.494373
758,-10.352854,59.061653
759,-10.352854,59.061653
760,47.68509,65.869736
761,25.18379,-28.822004
762,-85.133255,-16.0565
763,-90.48094,-17.636244
764,-88.83441,-12.1968
765,38.43441,-35.894302
766,40.167126,-38.649197
767,38.310814,-41.167545
768,23.629877,-34.729725
769,25.938265,-33.979343
770,34.049557,68.00645
771,73.827,41.35557
772,59.657326,101.165855
773,79.248055,60.801517
774,62.778824,38.81349
775,62.778824,38.81349
776,83.98044,29.011295
777,57.100163,95.642975
778,67.37322,47.73583
779,67.82057,33.661816
780,67.835396,80.595665
781,79.248055,60.801517
782,74.362946,83.56954
783,65.08764,25.43762
784,79.66043,26.903866
785,74.59159,26.691078
786,57.02065,90.36032
787,57.100163,95.642975
788,57.100163,95.642975
789,48.348995,96.67624
790,48.348995,96.67624
791,70.617325,40.48642
792,60.07992,31.435602
793,59.570835,45.873894
794,55.38564,47.56843
795,55.38564,47.56843
796,55.38564,47.56843
797,65.99084,58.75161
798,65.99084,58.75161
799,70.70903,43.842003
800,70.70903,43.842003
801,55.681637,100.768
802,48.41615,99.811874
803,59.910248,97.36066
804,50.902122,99.790726
805,62.613697,92.98976
806,57.32294,102.63422
807,54.340393,52.429157
808,70.36665,82.117386
809,70.36665,82.117386
810,49.903603,92.595566
811,71.85106,79.72466
812,70.36665,82.117386
813,70.36665,82.117386
814,69.524994,78.965225
815,69.50792,84.702736
816,67.835396,80.595665
817,50.217766,94.76774
818,54.340393,52.429157
819,70.70903,43.842003
820,84.9285,38.134666
821,80.079666,41.791134
822,80.079666,41.791134
823,58.54986,62.935635
824,56.05564,61.94688
825,71.503204,47.41103
826,65.99084,58.75161
827,70.70903,43.842003
828,58.06175,29.531376
829,58.06175,29.531376
830,55.28875,31.395582
831,54.322906,90.61507
832,58.155956,92.76071
833,54.340393,52.429157
834,57.761543,98.99938
835,57.994232,88.14239
836,54.553642,98.05131
837,54.97297,87.770195
838,52.00637,88.53548
839,49.26765,90.10471
840,56.05564,61.94688
841,54.340393,52.429157
842,58.06175,29.531376
843,54.340393,52.429157
844,70.70903,43.842003
845,74.41421,45.205223
846,77.84687,58.21399
847,79.60259,30.539968
848,71.19318,59.845314
849,73.827,41.35557
850,54.340393,52.429157
851,70.51204,31.258795
852,48.497395,-25.491402
853,-36.462414,84.0215
854,-36.462414,84.0215
855,-28.6861,70.74417
856,-26.128609,79.21289
857,-23.047596,86.506516
858,-36.57637,92.69549
859,-24.727154,100.50019
860,-34.4636,100.5512
861,-27.669527,60.95088
862,-34.4636,100.5512
863,-9.839235,84.10115
864,-31.52672,93.53676
865,-22.347252,88.758835
866,-31.772612,90.92716
867,-3.8196435,98.89661
868,-28.733093,86.85708
869,-30.216692,88.98842
870,-26.011961,86.441154
871,-26.365257,95.584274
872,-29.1284,91.94623
873,-23.932684,90.5355
874,1.5737739,72.60256
875,-20.044783,88.32419
876,-3.0599582,77.5
877,-11.782515,82.621544
878,1.5737739,72.60256
879,5.3101916,102.05221
880,-31.171766,95.95263
881,5.3101916,102.05221
882,5.3101916,102.05221
883,5.3101916,102.05221
884,5.3101916,102.05221
885,22.821657,74.74431
886,-18.116398,95.8463
887,-20.473288,95.72961
888,-22.603642,79.50486
889,-22.603642,79.50486
890,18.586283,79.65156
891,10.973925,69.40217
892,-27.669527,60.95088
893,-9.388265,68.174416
894,6.211153,91.06293
895,15.44548,-0.10044186
896,-24.949991,55.233162
897,-9.839235,84.10115
898,-19.063936,103.53307
899,5.3101916,102.05221
900,-11.821751,86.87893
901,-9.934354,73.51018
902,1.0525957,93.38284
903,-9.388265,68.174416
904,18.586283,79.65156
905,13.624283,69.05726
906,13.624283,69.05726
907,18.586283,79.65156
908,12.762233,71.1446
909,-92.59248,-4.2805758
910,6.211153,91.06293
911,-15.503911,77.54038
912,-5.5360036,71.98063
913,-3.8196435,98.89661
914,-3.8196435,98.89661
915,-4.845865,93.24349
916,-15.503911,77.54038
917,7.848972,66.49813
918,2.125997,69.664825
919,5.3101916,102.05221
920,-34.4636,100.5512
921,-24.28521,95.589485
922,18.053518,81.963936
923,-28.6861,70.74417
924,18.053518,81.963936
925,26.796253,-37.76814
926,16.227673,-32.76225
927,25.034615,-36.38131
928,29.764154,-40.89267
929,30.085188,-32.50111
930,24.630678,3.7402616
931,24.630678,3.7402616
932,22.166319,2.5090294
933,24.630678,3.7402616
934,24.630678,3.7402616
935,34.220543,3.2310843
936,44.022964,-2.8797219
937,34.42693,-4.9221034
938,35.08534,1.0888561
939,23.181755,-37.771244
940,-20.49069,-3.5856032
941,34.220543,3.2310843
942,-19.870792,-5.0673656
943,14.034762,-45.413815
944,4.17686,-45.785625
945,33.269608,-26.377514
946,5.0784435,-45.778736
947,23.653206,1.2533754
948,22.029684,4.3666005
949,25.59118,1.1119194
950,43.183083,-52.620255
951,46.066113,-60.12223
952,41.256462,-61.21764
953,37.458843,68.25261
954,15.585015,59.130833
955,15.585015,59.130833
956,35.936043,71.09887
957,31.153755,-34.42039
958,27.14286,-40.41765
959,45.845047,67.68054
960,48.497395,-25.491402
961,23.850021,-26.688274
962,35.809753,-35.66988
963,34.049557,68.00645
964,-22.885014,13.64927
965,6.407898,10.309426
966,4.5666127,10.595586
967,16.098503,56.123974
968,40.58138,-32.68585
969,-18.362114,-43.997112
970,-18.396666,-19.67093
971,-18.789806,-40.930332
972,-18.789806,-40.930332
973,-21.077627,-21.496088
974,-21.077627,-21.496088
975,-18.789806,-40.930332
976,-21.077627,-21.496088
977,-12.9467745,-55.628815
978,12.0869465,-26.73178
979,0.807855,-10.789404
980,0.807855,-10.789404
981,0.807855,-10.789404
982,-11.794616,-53.165188
983,-21.077627,-21.496088
984,-18.789806,-40.930332
985,11.51771,-61.69395
986,-12.9467745,-55.628815
987,-22.382769,-32.56474
988,-15.861824,-50.525078
989,-11.794616,-53.165188
990,-21.077627,-21.496088
991,-21.077627,-21.496088
992,-11.794616,-53.165188
993,-15.861824,-50.525078
994,-23.705364,-13.726153
995,-18.789806,-40.930332
996,-18.789806,-40.930332
997,-25.26231,-7.2308764
998,-25.26231,-7.2308764
999,-25.26231,-7.2308764
1000,-25.26231,-7.2308764
1001,-25.26231,-7.2308764
1002,-24.806515,20.990635
1003,-17.00119,34.944386
1004,-25.26231,-7.2308764
1005,-25.26231,-7.2308764
1006,-25.26231,-7.2308764
1007,-25.26231,-7.2308764
1008,-21.83871,27.375896
1009,9.980161,-24.330973
1010,-23.705364,-13.726153
1011,-75.222244,-29.248283
1012,-73.73742,-31.719652
1013,-79.39469,-30.757193
1014,-83.113014,-31.282656
1015,-75.66231,-34.292465
1016,-73.82221,-36.862278
1017,-73.82221,-36.862278
1018,-77.159805,-34.764153
1019,-24.806515,20.990635
1020,-21.83871,27.375896
1021,43.67061,62.138725
1022,-17.00119,34.944386
1023,-24.806515,20.990635
1024,49.074394,-32.14604
1025,-24.806515,20.990635
1026,-19.778688,26.498363
1027,10.510413,-28.13055
1028,-14.413911,-36.73541
1029,-21.83871,27.375896
1030,53.59053,-32.712494
1031,-10.301189,-25.98343
1032,-14.413911,-36.73541
1033,53.59053,-32.712494
1034,-24.806515,20.990635
1035,-17.00119,34.944386
1036,-24.806515,20.990635
1037,-24.806515,20.990635
1038,-4.1797895,-23.56693
1039,26.765306,-30.793888
1040,31.23835,-23.8331
1041,29.281197,80.98126
1042,15.585015,59.130833
1043,15.585015,59.130833
1044,29.281197,80.98126
1045,43.183083,-52.620255
1046,-74.62837,-18.748465
1047,-82.704666,-15.173434
1048,34.73785,-28.602245
1049,24.996069,-39.236446
1050,32.466793,-45.734352
1051,19.809694,-41.416786
1052,25.571453,-44.814613
1053,34.049557,68.00645
1054,22.661386,-40.4354
1055,27.809914,-42.88272
1056,34.049557,68.00645
1057,35.313877,-40.577103
1058,-40.530476,-79.05741
1059,3.5201967,-63.396652
1060,-3.6703584,-77.962105
1061,-31.08355,-83.16144
1062,21.371845,-91.94394
1063,-40.530476,-79.05741
1064,-42.685345,-54.856316
1065,-7.815519,-105.75747
1066,-7.815519,-105.75747
1067,-19.292887,-77.8806
1068,-18.703638,-75.8034
1069,-7.815519,-105.75747
1070,4.8724213,-73.53166
1071,-4.475062,-107.8804
1072,-22.04111,-93.13286
1073,-66.4361,-52.8589
1074,-67.10931,-54.719322
1075,-73.05057,-55.383553
1076,-73.95081,-53.025906
1077,-65.09849,-54.40384
1078,-68.8871,-55.57293
1079,-63.132824,-52.113724
1080,-73.95081,-53.025906
1081,-42.685345,-54.856316
1082,-20.443125,-69.51527
1083,-21.31317,-71.73565
1084,14.319828,-94.30163
1085,14.319828,-94.30163
1086,-47.171646,-97.41426
1087,8.165408,-76.302574
1088,8.165408,-76.302574
1089,-52.08276,-79.987526
1090,3.9206443,-77.28513
1091,-35.825287,-46.750454
1092,-35.825287,-46.750454
1093,-7.995205,-110.00235
1094,8.715092,-72.47417
1095,-35.825287,-46.750454
1096,-4.475062,-107.8804
1097,-7.815519,-105.75747
1098,-1.5413395,-89.55615
1099,-11.317212,-105.11708
1100,-31.120476,-77.662415
1101,-22.04111,-93.13286
1102,-32.125107,-85.982796
1103,-22.04111,-93.13286
1104,-22.04111,-93.13286
1105,25.334354,-97.833374
1106,25.334354,-97.833374
1107,25.334354,-97.833374
1108,25.597078,-88.38522
1109,-2.7029476,-87.57431
1110,-2.7029476,-87.57431
1111,22.814102,-88.30697
1112,-47.171646,-97.41426
1113,-42.353992,-97.5991
1114,-56.531338,-73.244
1115,-42.353992,-97.5991
1116,-22.04111,-93.13286
1117,-35.825287,-46.750454
1118,-35.825287,-46.750454
1119,-45.797684,-54.988163
1120,-58.427784,-74.96525
1121,-51.196,-77.35866
1122,-45.797684,-54.988163
1123,-58.427784,-74.96525
1124,-22.04111,-93.13286
1125,-11.317212,-105.11708
1126,-47.2389,-58.783657
1127,-45.797684,-54.988163
1128,-22.04111,-93.13286
1129,-35.825287,-46.750454
1130,-42.353992,-97.5991
1131,-40.530476,-79.05741
1132,-42.685345,-54.856316
1133,-4.5964365,-111.520836
1134,-35.825287,-46.750454
1135,-12.956889,-107.44696
1136,25.955564,-91.469505
1137,4.8724213,-73.53166
1138,-22.04111,-93.13286
1139,-10.656375,-107.627174
1140,-19.16146,-96.37338
1141,-3.0309176,-101.19932
1142,-2.7029476,-87.57431
1143,4.7298417,-90.34224
1144,3.9206443,-77.28513
1145,-40.844852,-67.52944
1146,-38.259354,-68.84568
1147,-20.099985,-83.83579
1148,-59.889767,-21.245422
1149,-59.889767,-21.245422
1150,-58.233685,-20.36549
1151,-6.082409,-79.84069
1152,-47.171646,-97.41426
1153,25.955564,-91.469505
1154,25.955564,-91.469505
1155,27.958202,-99.04578
1156,-2.7029476,-87.57431
1157,-37.814503,-28.642633
1158,-46.44293,15.485986
1159,-35.171566,8.7169
1160,-45.988655,-25.309341
1161,-48.25344,-26.051105
1162,-35.249187,42.906578
1163,-42.65704,-30.100033
1164,-36.364685,35.686974
1165,8.763086,55.668064
1166,-43.370796,-15.541948
1167,-44.940197,9.228018
1168,-43.617043,12.938552
1169,-55.96228,63.818527
1170,-43.617043,12.938552
1171,-72.11598,35.11093
1172,-47.269325,11.70509
1173,-72.11598,35.11093
1174,-72.11598,35.11093
1175,-43.617043,12.938552
1176,-34.521824,-13.482066
1177,-43.7503,0.7507091
1178,-47.006428,-0.6706093
1179,-30.715752,46.01471
1180,-46.280735,39.42922
1181,-48.985626,41.648422
1182,-42.856068,32.68023
1183,-72.11598,35.11093
1184,-37.204433,47.105927
1185,-47.006428,-0.6706093
1186,-40.390007,-20.481033
1187,-47.269325,11.70509
1188,-40.832115,8.850616
1189,-40.8306,-2.567551
1190,-39.71658,48.14254
1191,-36.219574,25.615223
1192,-48.636116,37.992092
1193,-40.390007,-20.481033
1194,-43.375687,16.68727
1195,-48.648895,24.96423
1196,-89.84555,22.03209
1197,-72.11598,35.11093
1198,-43.617043,12.938552
1199,-43.617043,12.938552
1200,-75.080956,36.99837
1201,-48.648895,24.96423
1202,-52.919132,25.037588
1203,-48.636116,37.992092
1204,-54.685516,37.6186
1205,-49.521706,63.83555
1206,-59.61376,38.50402
1207,-59.61376,38.50402
1208,-65.36837,29.858292
1209,-47.269325,11.70509
1210,-48.636116,37.992092
1211,-48.636116,37.992092
1212,-64.36691,16.872034
1213,-54.665813,39.63921
1214,-82.78818,-17.720432
1215,48.497395,-25.491402
1216,-2.0920298,-25.166624
1217,98.93783,-8.275013
1218,81.74153,-28.30644
1219,79.20438,-9.629252
1220,105.87426,14.022817
1221,105.87426,14.022817
1222,-108.91382,-9.477457
1223,96.925354,-12.169985
1224,86.24476,-35.79298
1225,95.36993,-38.476807
1226,66.7691,-67.03553
1227,58.68788,-74.38848
1228,58.68788,-74.38848
1229,71.136284,-21.190245
1230,68.78301,-48.605255
1231,66.7691,-67.03553
1232,61.89563,-24.550816
1233,60.463924,3.1365871
1234,-113.95464,-10.800745
1235,41.013573,3.5160878
1236,86.409065,-23.180048
1237,95.36993,-38.476807
1238,84.2612,-48.912857
1239,47.435936,3.0420427
1240,89.860344,-1.8416101
1241,76.10815,-62.710262
1242,60.463924,3.1365871
1243,92.94001,-19.329641
1244,95.36993,-38.476807
1245,60.463924,3.1365871
1246,-104.43346,-4.049794
1247,-115.29627,-9.669284
1248,-115.29886,7.879145
1249,-113.23734,5.839594
1250,90.67486,-9.324671
1251,98.93783,-8.275013
1252,-104.43346,-4.049794
1253,-113.23734,5.839594
1254,-115.56666,-5.298063
1255,-112.75927,8.367357
1256,-104.136154,3.2346082
1257,82.26432,2.800782
1258,-107.74698,-7.5546556
1259,63.7988,-28.630428
1260,98.93783,-8.275013
1261,105.87426,14.022817
1262,53.91923,3.3801541
1263,104.369385,1.8416328
1264,105.87426,14.022817
1265,44.006874,-63.033245
1266,16.260212,-35.890617
1267,20.736217,-50.425747
1268,37.369957,-33.55408
1269,-4.3275914,-52.170227
1270,18.45227,-6.8327417
1271,28.988745,-34.409035
1272,-9.170307,-34.472054
1273,-14.847637,2.437248
1274,1.0704092,-29.766048
1275,-9.238244,22.079224
1276,32.307175,1.0468171
1277,-9.337011,38.90586
1278,2.9948053,-59.92487
1279,16.036482,-4.8677692
1280,9.43991,-11.43219
1281,17.61781,-2.929016
1282,0.8008939,-46.61717
1283,-10.637119,-6.519388
1284,-4.9942565,31.452965
1285,-3.1271162,-19.817928
1286,-3.2806551,29.942743
1287,26.94709,-15.646265
1288,-97.188225,-14.8716755
1289,-96.34022,-21.477396
1290,-98.4404,-22.43627
1291,-99.16137,-18.748999
1292,-7.700695,-43.790085
1293,-8.266277,-12.14081
1294,36.660805,-75.538635
1295,-7.700695,-43.790085
1296,-7.700695,-43.790085
1297,-97.188225,-14.8716755
1298,-4.9942565,31.452965
1299,-96.54146,-19.180637
1300,32.19908,62.365192
1301,26.94709,-15.646265
1302,-68.9722,-14.044993
1303,-16.51586,-6.696743
1304,31.565144,-36.476986
1305,-88.12346,-1.9850037
1306,-88.12346,-1.9850037
1307,-88.12346,-1.9850037
1308,-87.7208,0.45859656
1309,-89.2953,7.671213
1310,-87.7208,0.45859656
1311,-80.41637,-18.3406
1312,-87.7208,0.45859656
1313,11.071554,17.13915
1314,7.158725,-50.597935
1315,-7.6859374,-54.17088
1316,-69.85648,-25.420918
1317,-20.60655,45.796497
1318,32.700146,71.184166
1319,44.9512,65.30737
1320,47.68509,65.869736
1321,10.601226,60.901752
1322,33.47188,-35.012455
1323,32.558243,-32.746956
1324,41.868633,52.91243
1325,-25.130014,7.069668
1326,9.126776,-3.7103145
1327,9.126776,-3.7103145
1328,-22.862946,47.56392
1329,-23.620754,44.466778
1330,-60.53724,-16.168236
1331,15.03876,13.153448
1332,21.479311,-33.65517
1333,9.43991,-11.43219
1334,9.43991,-11.43219
1335,-5.8093038,-63.429688
1336,9.126776,-3.7103145
1337,-5.083479,39.397697
1338,22.779114,-29.01309
1339,27.25449,-35.608707
1340,31.308956,-30.707018
1341,-82.78818,-17.720432
1342,-87.38218,-20.384054
1343,-87.723465,-17.598497
1344,-87.723465,-17.598497
1345,-85.99164,-13.453187
1346,-82.63116,-22.27527
1347,-5.083479,39.397697
1348,39.487804,74.430084
1349,-10.668929,-0.5246389
1350,-7.185229,39.828114
1351,-77.48209,4.4860744
1352,18.000555,13.91914
1353,14.568212,15.127643
1354,-69.06677,-11.648578
1355,-6.9292336,-36.61744
1356,-23.750648,9.631981
1357,-2.4588428,-27.737917
1358,38.928944,-26.075325
1359,36.991302,-38.26909
1360,41.31,-35.56601
1361,32.80283,-21.21235
1362,-79.1732,-11.003716
1363,-79.1732,-11.003716
1364,-81.25701,-9.479834
1365,-99.44225,17.146923
1366,-79.31083,-8.379868
1367,-70.55387,-10.550974
1368,-75.38326,3.1410851
1369,-75.38326,3.1410851
1370,-15.426076,56.667637
1371,-69.06489,-6.306469
1372,-75.38326,3.1410851
1373,-77.22642,-9.229799
1374,11.696459,20.909681
1375,-79.1732,-11.003716
1376,-7.765656,45.71077
1377,32.14081,81.49074
1378,13.588417,53.513485
1379,-80.05205,-1.857618
1380,-63.04121,-16.851202
1381,-79.14191,-1.1385233
1382,32.14081,81.49074
1383,-76.19743,-6.027583
1384,34.421684,74.71131
1385,34.9,-33.17739
1386,16.098503,56.123974
1387,4.335042,15.375776
1388,-9.337011,38.90586
1389,35.838123,-30.998192
1390,56.91421,-30.542416
1391,-100.89049,13.021987
1392,-101.93079,-48.087513
1393,38.445827,31.693281
1394,5.0660863,38.496506
1395,-2.841905,-1.2868317
1396,-3.9581,3.4421122
1397,-2.841905,-1.2868317
1398,-3.4306254,6.5385175
1399,38.445827,31.693281
1400,-3.9581,3.4421122
1401,19.82203,28.32241
1402,39.41296,22.74791
1403,37.318016,28.132547
1404,39.41296,22.74791
1405,21.575905,46.115574
1406,19.050182,45.778847
1407,25.854622,49.977932
1408,23.421137,44.03334
1409,20.449581,43.45637
1410,14.964765,31.604383
1411,-3.9581,3.4421122
1412,5.0660863,38.496506
1413,14.964765,31.604383
1414,31.88065,26.377916
1415,31.88065,26.377916
1416,17.546091,33.98436
1417,5.0660863,38.496506
1418,7.7252994,34.45041
1419,38.445827,31.693281
1420,38.445827,31.693281
1421,33.216484,42.2831
1422,15.405839,33.785248
1423,34.737545,44.285316
1424,20.449581,43.45637
1425,38.445827,31.693281
1426,5.0660863,38.496506
1427,37.318016,28.132547
1428,37.318016,28.132547
1429,38.445827,31.693281
1430,20.449581,43.45637
1431,20.449581,43.45637
1432,20.986324,41.0323
1433,40.571175,28.89018
1434,34.737545,44.285316
1435,23.030685,41.66645
1436,21.575905,46.115574
1437,23.421137,44.03334
1438,16.937,30.55272
1439,16.937,30.55272
1440,-3.9581,3.4421122
1441,-3.9581,3.4421122
1442,16.749247,32.54424
1443,7.7252994,34.45041
1444,7.7252994,34.45041
1445,-94.27255,-48.570618
1446,-94.27255,-48.570618
1447,5.0660863,38.496506
1448,5.0660863,38.496506
1449,25.854622,49.977932
1450,34.737545,44.285316
1451,-103.692665,-36.99863
1452,25.854622,49.977932
1453,25.854622,49.977932
1454,25.854622,49.977932
1455,-103.58166,-40.97621
1456,25.854622,49.977932
1457,34.737545,44.285316
1458,-103.76702,-38.53695
1459,40.571175,28.89018
1460,16.494236,43.985943
1461,33.216484,42.2831
1462,38.445827,31.693281
1463,40.571175,28.89018
1464,38.445827,31.693281
1465,35.296875,30.446075
1466,21.575905,46.115574
1467,23.421137,44.03334
1468,18.541424,32.07772
1469,35.296875,30.446075
1470,38.445827,31.693281
1471,34.737545,44.285316
1472,38.445827,31.693281
1473,11.618152,33.158672
1474,40.571175,28.89018
1475,40.571175,28.89018
1476,34.737545,44.285316
1477,-101.93079,-48.087513
1478,-101.93079,-48.087513
1479,-101.93079,-48.087513
1480,-101.93079,-48.087513
1481,-101.93079,-48.087513
1482,-101.93079,-48.087513
1483,-101.93079,-48.087513
1484,-101.93079,-48.087513
1485,-101.93079,-48.087513
1486,-101.93079,-48.087513
1487,-99.68139,-45.050774
1488,-94.27255,-48.570618
1489,-101.93079,-48.087513
1490,-101.93079,-48.087513
1491,-101.93079,-48.087513
1492,-101.93079,-48.087513
1493,-101.93079,-48.087513
1494,-101.93079,-48.087513
1495,-101.93079,-48.087513
1496,-101.93079,-48.087513
1497,-101.93079,-48.087513
1498,-101.93079,-48.087513
1499,34.049557,68.00645
1500,-101.80291,15.355791
1501,-91.8642,14.384984
1502,-91.8642,14.384984
1503,-94.00396,11.5399065
1504,-103.40411,23.250586
1505,-99.06219,8.478848
1506,-91.8642,14.384984
1507,-99.06219,8.478848
1508,-106.18886,16.820566
1509,-10.668929,-0.5246389
1510,-6.9292336,-36.61744
1511,-13.29173,-1.1279566
1512,22.561674,22.99341
1513,22.561674,22.99341
1514,-3.9610763,-29.3909
1515,-1.6129024,-22.73566
1516,47.68509,65.869736
1517,41.868633,52.91243
1518,-69.06677,-11.648578
1519,34.049557,68.00645
1520,-80.88648,-16.100965
1521,-24.739944,48.008636
1522,-8.231179,41.54277
1523,28.959614,-30.657593
1524,-21.2568,49.162476
1525,-21.063656,47.428932
1526,-22.5016,45.983814
1527,-4.8131413,-61.92288
1528,43.651028,-69.62935
1529,-6.9292336,-36.61744
1530,-13.29173,-1.1279566
1531,-13.29173,-1.1279566
1532,-89.97035,-31.24833
1533,46.386765,-65.34879
1534,43.183083,-52.620255
1535,-11.3335,6.0577736
1536,65.08764,25.43762
1537,79.66043,26.903866
1538,60.216095,94.565475
1539,60.216095,94.565475
1540,62.611263,96.42435
1541,20.291513,-67.67333
1542,20.291513,-67.67333
1543,70.51204,31.258795
1544,105.73579,57.86044
1545,59.570835,45.873894
1546,59.982338,90.92354
1547,61.55644,99.20456
1548,70.36665,82.117386
1549,56.05564,61.94688
1550,65.99084,58.75161
1551,59.57711,28.655111
1552,57.100163,95.642975
1553,59.982338,90.92354
1554,65.99084,58.75161
1555,-91.1377,0.44651806
1556,56.05564,61.94688
1557,65.99084,58.75161
1558,70.70903,43.842003
1559,74.41421,45.205223
1560,78.305534,50.238594
1561,78.44234,55.27242
1562,49.701504,53.982357
1563,56.459946,64.6033
1564,54.340393,52.429157
1565,73.827,41.35557
1566,70.51204,31.258795
1567,51.137993,-25.552334
1568,-27.061354,89.566765
1569,-27.599504,97.211845
1570,5.3101916,102.05221
1571,-27.405638,99.62338
1572,-29.1284,91.94623
1573,-28.688944,94.75758
1574,16.055323,78.64503
1575,-22.603642,79.50486
1576,-24.952593,97.784225
1577,-11.782515,82.621544
1578,-27.061354,89.566765
1579,5.3101916,102.05221
1580,-27.061354,89.566765
1581,-0.0018439543,71.48846
1582,-0.0018439543,71.48846
1583,-24.952593,97.784225
1584,16.12147,80.675606
1585,16.12147,80.675606
1586,-4.845865,93.24349
1587,10.851106,67.0048
1588,-91.44238,-5.361087
1589,1.6693313,86.079254
1590,-30.645428,105.10301
1591,6.4678335,92.6205
1592,16.297287,-62.139015
1593,35.08534,1.0888561
1594,35.08534,1.0888561
1595,27.378607,4.275048
1596,35.08534,1.0888561
1597,24.548954,6.2307343
1598,46.066113,-60.12223
1599,27.015976,2.4086325
1600,-18.362114,-43.997112
1601,-15.861824,-50.525078
1602,11.7884,-58.616325
1603,-21.077627,-21.496088
1604,-22.382769,-32.56474
1605,-25.26231,-7.2308764
1606,-25.26231,-7.2308764
1607,-21.077627,-21.496088
1608,-21.903267,39.615604
1609,-28.16373,18.225441
1610,-82.76579,-32.92179
1611,-22.382769,-32.56474
1612,-13.29173,-1.1279566
1613,33.94883,-23.904413
1614,37.458843,68.25261
1615,47.675076,-62.91605
1616,38.279346,-31.182423
1617,28.649137,-26.900145
1618,35.936043,71.09887
1619,30.875154,67.16054
1620,34.049557,68.00645
1621,34.049557,68.00645
1622,24.169914,-31.76555
1623,35.936043,71.09887
1624,-40.530476,-79.05741
1625,19.571764,-93.21409
1626,-22.04111,-93.13286
1627,-31.120476,-77.662415
1628,-7.815519,-105.75747
1629,-40.530476,-79.05741
1630,21.526764,-94.585815
1631,-7.815519,-105.75747
1632,-66.2534,-56.86826
1633,-71.97785,-49.018482
1634,-66.2534,-56.86826
1635,-73.95081,-53.025906
1636,-52.08276,-79.987526
1637,8.715092,-72.47417
1638,-54.083134,-78.0246
1639,-35.825287,-46.750454
1640,8.715092,-72.47417
1641,-40.530476,-79.05741
1642,-42.353992,-97.5991
1643,-40.530476,-79.05741
1644,-54.083134,-78.0246
1645,-40.530476,-79.05741
1646,8.165408,-76.302574
1647,-21.31317,-71.73565
1648,8.165408,-76.302574
1649,-7.914597,-116.38216
1650,22.25789,-97.75138
1651,6.856139,-79.53735
1652,-42.353992,-97.5991
1653,8.165408,-76.302574
1654,-45.797684,-54.988163
1655,-7.815519,-105.75747
1656,-22.04111,-93.13286
1657,11.420881,-74.78363
1658,1.3266356,-74.42796
1659,-42.68309,-58.942364
1660,8.342695,-92.14362
1661,6.6538997,-85.312004
1662,8.715092,-72.47417
1663,-37.64147,-77.19142
1664,-29.544626,-75.88882
1665,28.683544,-93.58877
1666,23.400887,-95.54994
1667,4.8724213,-73.53166
1668,-2.7029476,-87.57431
1669,23.373934,-93.105774
1670,25.597078,-88.38522
1671,4.8724213,-73.53166
1672,-4.1797895,-23.56693
1673,-46.44293,15.485986
1674,-48.41471,8.745786
1675,-46.44293,15.485986
1676,-62.306988,12.059643
1677,-36.38372,37.36919
1678,-2.2903833,16.79672
1679,-50.577118,-1.1473948
1680,-42.65704,-30.100033
1681,-62.306988,12.059643
1682,-54.665813,39.63921
1683,-40.390007,-20.481033
1684,-47.269325,11.70509
1685,-47.006428,-0.6706093
1686,-47.269325,11.70509
1687,-62.306988,12.059643
1688,-55.434082,60.900036
1689,-46.44293,15.485986
1690,-65.36837,29.858292
1691,-72.11598,35.11093
1692,-76.35628,27.391338
1693,-43.617043,12.938552
1694,-55.434082,60.900036
1695,-72.11598,35.11093
1696,-89.47522,28.851833
1697,-89.47522,28.851833
1698,-67.6245,38.02358
1699,-55.434082,60.900036
1700,-89.47522,28.851833
1701,-47.006428,-0.6706093
1702,-50.71109,11.873164
1703,-32.08726,-26.362701
1704,-47.006428,-0.6706093
1705,-37.204433,47.105927
1706,-36.219574,25.615223
1707,-41.93383,-4.0759473
1708,-36.530075,9.746421
1709,-50.71109,11.873164
1710,-47.006428,-0.6706093
1711,-37.755955,23.33284
1712,-55.434082,60.900036
1713,-43.370796,-15.541948
1714,-43.370796,-15.541948
1715,-83.701744,25.671347
1716,-76.35628,27.391338
1717,-94.71298,35.504642
1718,-49.069626,14.243786
1719,-78.500404,40.503223
1720,-93.22678,27.535809
1721,-76.35628,27.391338
1722,-89.84555,22.03209
1723,-55.434082,60.900036
1724,-63.00455,38.705425
1725,-64.36691,16.872034
1726,-62.306988,12.059643
1727,-54.685516,37.6186
1728,-87.52011,-15.007498
1729,93.61593,-21.328747
1730,105.87426,14.022817
1731,105.87426,14.022817
1732,105.87426,14.022817
1733,51.3798,15.229152
1734,54.476063,15.327281
1735,93.61593,-21.328747
1736,82.26432,2.800782
1737,85.02572,-11.507646
1738,83.923004,-41.194183
1739,95.36993,-38.476807
1740,66.7691,-67.03553
1741,65.02066,-10.964016
1742,65.02066,-10.964016
1743,68.53392,-20.131933
1744,58.68788,-74.38848
1745,95.36993,-38.476807
1746,68.53392,-20.131933
1747,61.605312,-76.907646
1748,60.38086,-72.28484
1749,67.48586,-44.798088
1750,67.48586,-44.798088
1751,69.571075,-67.34272
1752,67.97596,-70.89854
1753,67.976875,-63.622784
1754,70.40686,-24.833744
1755,65.01321,-43.54537
1756,67.48586,-44.798088
1757,66.7691,-67.03553
1758,62.288853,-14.852646
1759,62.288853,-14.852646
1760,61.89563,-24.550816
1761,60.463924,3.1365871
1762,67.328415,-9.461939
1763,63.7988,-28.630428
1764,64.25278,2.5940392
1765,-110.510315,-5.251082
1766,49.371788,9.986361
1767,73.22643,-17.086245
1768,101.36071,20.354046
1769,86.409065,-23.180048
1770,71.136284,-21.190245
1771,71.136284,-21.190245
1772,71.136284,-21.190245
1773,74.42577,-23.009607
1774,84.2612,-48.912857
1775,92.58958,-34.035477
1776,71.136284,-21.190245
1777,98.93783,-8.275013
1778,89.860344,-1.8416101
1779,86.409065,-23.180048
1780,105.87426,14.022817
1781,82.938286,-28.112139
1782,72.98422,-34.46743
1783,76.10815,-62.710262
1784,76.10815,-62.710262
1785,49.861404,-7.619616
1786,92.529785,-45.876568
1787,92.529785,-45.876568
1788,76.68941,-65.17944
1789,92.529785,-45.876568
1790,76.68941,-65.17944
1791,98.93783,-8.275013
1792,82.64143,-17.171478
1793,-104.136154,3.2346082
1794,-104.136154,3.2346082
1795,-115.29886,7.879145
1796,90.319466,-27.47447
1797,76.992615,-39.826614
1798,-119.37028,4.2258
1799,74.49696,6.954617
1800,91.23978,-32.18062
1801,61.20764,-49.467957
1802,59.639435,-41.177174
1803,59.639435,-41.177174
1804,65.02066,-10.964016
1805,100.32233,-28.085423
1806,67.48586,-44.798088
1807,47.242958,-2.484912
1808,-64.59218,-30.955095
1809,53.91923,3.3801541
1810,47.435936,3.0420427
1811,-108.53428,-5.3894
1812,-111.89806,-7.2348576
1813,99.28212,-3.97598
1814,48.223087,18.366398
1815,97.893265,9.438677
1816,105.87426,14.022817
1817,57.77297,-2.9431784
1818,105.87426,14.022817
1819,54.476063,15.327281
1820,57.77297,-2.9431784
1821,57.77297,-2.9431784
1822,105.87426,14.022817
1823,54.37681,12.875362
1824,99.06823,7.9916577
1825,88.97129,-54.66264
1826,88.97129,-54.66264
1827,52.409256,13.39198
1828,13.226042,10.216904
1829,-18.286087,47.96374
1830,4.701713,-47.748997
1831,-2.8155737,39.09422
1832,9.43991,-11.43219
1833,-10.637119,-6.519388
1834,29.418482,15.195058
1835,29.418482,15.195058
1836,-10.637119,-6.519388
1837,36.366043,-78.92269
1838,-97.188225,-14.8716755
1839,-13.29173,-1.1279566
1840,-3.4161265,41.246315
1841,14.281285,16.926414
1842,-82.55742,4.157518
1843,9.622728,15.680559
1844,7.2709365,-4.777905
1845,24.169914,-31.76555
1846,-102.928604,13.216417
1847,-101.80291,15.355791
1848,-2.2269628,-56.983818
1849,-10.668929,-0.5246389
1850,-23.750648,9.631981
1851,-10.352854,59.061653
1852,-7.2454243,-27.12614
1853,16.219923,14.491697
1854,14.994244,18.715399
1855,-6.9292336,-36.61744
1856,44.006874,-63.033245
1857,33.009964,12.957768
1858,-4.5203123,-26.540905
1859,44.006874,-63.033245
1860,44.006874,-63.033245
1861,32.335987,12.185261
1862,-21.544518,44.253014
1863,-12.151827,-42.76469
1864,-24.533081,46.139572
1865,-6.9292336,-36.61744
1866,-4.3640895,37.201096
1867,-21.851694,15.583709
1868,-30.242483,-37.06539
1869,36.41238,-73.02049
1870,24.169914,-31.76555
1871,-89.27808,-21.87036
1872,-89.80639,-19.646227
1873,-74.62837,-18.748465
1874,-1.9159464,44.331814
1875,36.309067,-80.26914
1876,-19.95096,52.718826
1877,-7.0319777,37.524017
1878,-29.23822,-35.565987
1879,-28.448906,-37.1815
1880,-10.668929,-0.5246389
1881,-13.16236,-15.313347
1882,20.736217,-50.425747
1883,28.25171,-24.179684
1884,30.632683,69.4634
1885,-14.136495,22.451817
1886,53.480274,94.29178
1887,76.39774,34.130733
1888,73.827,41.35557
1889,53.480274,94.29178
1890,5.3101916,102.05221
1891,5.3101916,102.05221
1892,-4.2080317,88.45335
1893,-19.802225,93.32623
1894,-17.26548,72.23167
1895,-13.154653,69.909615
1896,-22.603642,79.50486
1897,1.5737739,72.60256
1898,18.602034,4.8013315
1899,-6.9529343,71.51449
1900,10.973925,69.40217
1901,10.973925,69.40217
1902,10.973925,69.40217
1903,-22.603642,79.50486
1904,5.3101916,102.05221
1905,1.6693313,86.079254
1906,28.25171,-24.179684
1907,34.42693,-4.9221034
1908,46.066113,-60.12223
1909,12.0869465,-26.73178
1910,-18.362114,-43.997112
1911,-21.94792,-13.150262
1912,-13.08161,19.613874
1913,-71.75805,-18.632935
1914,-81.23468,-20.255674
1915,-99.51439,14.477029
1916,43.183083,-52.620255
1917,43.183083,-52.620255
1918,44.006874,-63.033245
1919,44.006874,-63.033245
1920,-7.995205,-110.00235
1921,-40.530476,-79.05741
1922,-68.68639,-57.8045
1923,-51.47895,-84.3156
1924,26.052877,-94.66127
1925,-38.533535,-44.74821
1926,-33.868305,-68.30751
1927,-7.995205,-110.00235
1928,5.112059,-70.00295
1929,-35.825287,-46.750454
1930,-42.353992,-97.5991
1931,-40.530476,-79.05741
1932,-22.04111,-93.13286
1933,-42.685345,-54.856316
1934,26.052877,-94.66127
1935,26.052877,-94.66127
1936,-54.083134,-78.0246
1937,26.052877,-94.66127
1938,-36.707054,42.16653
1939,-46.03562,-26.928225
1940,-40.298183,38.62195
1941,-62.306988,12.059643
1942,-60.046474,9.030419
1943,-40.390007,-20.481033
1944,-37.431267,49.48184
1945,-62.40036,17.406355
1946,-49.521706,63.83555
1947,-109.29597,5.4041266
1948,62.427814,-10.396016
1949,63.7988,-28.630428
1950,95.36993,-38.476807
1951,95.36993,-38.476807
1952,62.427814,-10.396016
1953,68.78301,-48.605255
1954,68.53392,-20.131933
1955,49.861404,-7.619616
1956,66.7691,-67.03553
1957,60.463924,3.1365871
1958,-112.75927,8.367357
1959,-112.75927,8.367357
1960,65.02066,-10.964016
1961,63.7988,-28.630428
1962,105.87426,14.022817
1963,29.418482,15.195058
1964,-98.08674,-20.422098
1965,-10.654508,-11.954001
1966,35.936043,71.09887
1967,-90.443,7.3341284
1968,-3.7384543,-35.674755
1969,46.066113,-60.12223
1970,15.733283,-63.206505
1971,-13.16236,-15.313347
1972,-23.217852,49.365395
1973,-7.0319777,37.524017
1974,-27.396212,14.782953
1975,-30.242483,-37.06539
1976,-18.286087,47.96374
1977,44.9512,65.30737
1978,-85.14697,-18.90502
1979,-89.97035,-31.24833
1980,53.480274,94.29178
1981,53.480274,94.29178
1982,5.3101916,102.05221
1983,5.3101916,102.05221
1984,-13.466603,68.25641
1985,-24.949991,55.233162
1986,-15.875424,64.28011
1987,-21.149614,59.699684
1988,-24.949991,55.233162
1989,-15.875424,64.28011
1990,-12.9467745,-55.628815
1991,-18.362114,-43.997112
1992,-12.9467745,-55.628815
1993,-18.396666,-19.67093
1994,-85.14697,-18.90502
1995,-85.14697,-18.90502
1996,22.580015,-24.22816
1997,33.905617,-37.89444
1998,33.905617,-37.89444
1999,-38.259354,-68.84568
2000,-18.703638,-75.8034
2001,-33.466007,-85.21704
2002,-7.995205,-110.00235
2003,11.069343,-93.264404
2004,-48.889492,17.471867
2005,-48.889492,17.471867
2006,-83.701744,25.671347
2007,-76.35628,27.391338
2008,-73.83941,26.784353
2009,105.549355,-32.67492
2010,82.26432,2.800782
2011,82.26432,2.800782
2012,66.7691,-67.03553
2013,66.7691,-67.03553
2014,109.48276,18.95254
2015,61.20764,-49.467957
2016,82.26432,2.800782
2017,-109.91847,-7.265183
2018,105.483444,-40.03743
2019,-109.91847,-7.265183
2020,-0.42260864,-26.93082
2021,-7.0319777,37.524017
2022,-10.637119,-6.519388
2023,20.21508,11.877464
2024,36.219017,-43.759945
2025,53.480274,94.29178
2026,53.480274,94.29178
2027,-11.782515,82.621544
2028,-0.42260864,-26.93082
2029,11.51771,-61.69395
2030,-17.00119,34.944386
2031,-17.00119,34.944386
2032,49.074394,-32.14604
2033,-73.05057,-55.383553
2034,-44.27511,-52.24484
2035,-75.60268,24.921759
2036,-90.37816,36.37077
2037,82.26432,2.800782
2038,-119.37028,4.2258
2039,20.394732,-5.467684
2040,12.365528,-12.251777
2041,0.3404295,-49.891342
2042,73.827,41.35557
2043,54.340393,52.429157
2044,54.340393,52.429157
2045,12.7813835,67.10628
2046,50.63698,-21.165554
2047,-79.72243,-22.65045
2048,46.066113,-60.12223
2049,-7.995205,-110.00235
2050,7.887354,-69.47309
2051,-7.995205,-110.00235
2052,105.87426,14.022817
2053,61.605312,-76.907646
2054,68.53392,-20.131933
2055,-104.07343,5.1878667
2056,17.61781,-2.929016
2057,10.929701,-9.674849
2058,23.645203,57.41416
2059,3.9930139,-4.9848013
2060,36.660805,-75.538635
